{"cameraMode":{"drawMode":0,"name":"Shaded","section":"Shading Mode"},"sceneLighting":false,"audioPlay":false,"sceneViewState":{"showFog":true,"showMaterialUpdate":false,"showSkybox":false,"showFlares":true,"showImageEffects":true,"showParticleSystems":true},"in2DMode":false,"pivot":{"x":0.7164351940155029,"y":0.4043354392051697,"z":-1.3444305658340455},"rotation":{"x":0.16353408992290498,"y":-0.038464367389678958,"z":0.006379229482263327,"w":0.9857668876647949},"size":8.496315956115723,"orthographic":false}