{"cameraMode":{"drawMode":0,"name":"Shaded","section":"Shading Mode"},"sceneLighting":true,"audioPlay":false,"sceneViewState":{"showFog":true,"showMaterialUpdate":false,"showSkybox":true,"showFlares":true,"showImageEffects":true,"showParticleSystems":true},"in2DMode":false,"pivot":{"x":1.7398872375488282,"y":0.6057243347167969,"z":99.947998046875},"rotation":{"x":-0.004499963950365782,"y":-0.0029999674297869207,"z":-0.000013498410226020496,"w":0.9999854564666748},"size":1.0150034427642823,"orthographic":true}