{"cameraMode":{"drawMode":0,"name":"Shaded","section":"Shading Mode"},"sceneLighting":false,"audioPlay":false,"sceneViewState":{"showFog":true,"showMaterialUpdate":false,"showSkybox":false,"showFlares":true,"showImageEffects":true,"showParticleSystems":true},"in2DMode":false,"pivot":{"x":0.00003361701965332031,"y":0.47655218839645388,"z":-1.9999998807907105},"rotation":{"x":0.15080976486206056,"y":0.03794965520501137,"z":-0.005792814772576094,"w":0.9878171682357788},"size":14.998018264770508,"orthographic":true}