{"cameraMode":{"drawMode":0,"name":"Shaded","section":"Shading Mode"},"sceneLighting":false,"audioPlay":false,"sceneViewState":{"showFog":true,"showMaterialUpdate":false,"showSkybox":false,"showFlares":true,"showImageEffects":true,"showParticleSystems":true},"in2DMode":false,"pivot":{"x":-0.842529296875,"y":-0.33154296875,"z":-5.287109375},"rotation":{"x":0.24589544534683228,"y":-0.17904698848724366,"z":0.046270810067653659,"w":0.9514918327331543},"size":5.491221904754639,"orthographic":true}