{"cameraMode":{"drawMode":0,"name":"Shaded","section":"Shading Mode"},"sceneLighting":false,"audioPlay":false,"sceneViewState":{"showFog":true,"showMaterialUpdate":false,"showSkybox":false,"showFlares":true,"showImageEffects":true,"showParticleSystems":true},"in2DMode":false,"pivot":{"x":1.02630615234375,"y":0.603515625,"z":2.06787109375},"rotation":{"x":0.6185491681098938,"y":-0.0023572579957544805,"z":0.001855718670412898,"w":0.7857404351234436},"size":8.232475280761719,"orthographic":true}