{"cameraMode":{"drawMode":0,"name":"Shaded","section":"Shading Mode"},"sceneLighting":true,"audioPlay":false,"sceneViewState":{"showFog":true,"showMaterialUpdate":false,"showSkybox":true,"showFlares":true,"showImageEffects":true,"showParticleSystems":true},"in2DMode":false,"pivot":{"x":0.016405373811721803,"y":0.6800000667572022,"z":161.46078491210938},"rotation":{"x":0.16353408992290498,"y":-0.038464367389678958,"z":0.006379229482263327,"w":0.9857668876647949},"size":2.020829200744629,"orthographic":true}