{"cameraMode":{"drawMode":0,"name":"Shaded","section":"Shading Mode"},"sceneLighting":false,"audioPlay":false,"sceneViewState":{"showFog":true,"showMaterialUpdate":false,"showSkybox":false,"showFlares":true,"showImageEffects":true,"showParticleSystems":true},"in2DMode":false,"pivot":{"x":0.17594796419143678,"y":0.03731989860534668,"z":3.496577262878418},"rotation":{"x":0.2164067178964615,"y":-0.2814595401287079,"z":0.06525130569934845,"w":0.9325722455978394},"size":1.2105588912963868,"orthographic":true}