{"cameraMode":{"drawMode":0,"name":"Shaded","section":"Shading Mode"},"sceneLighting":false,"audioPlay":false,"sceneViewState":{"showFog":true,"showMaterialUpdate":false,"showSkybox":false,"showFlares":true,"showImageEffects":true,"showParticleSystems":true},"in2DMode":false,"pivot":{"x":13.9560546875,"y":64.57726287841797,"z":-94.98163604736328},"rotation":{"x":0.23826926946640016,"y":-0.23887121677398683,"z":0.06058626249432564,"w":0.9394134283065796},"size":7.989081859588623,"orthographic":true}