{"cameraMode":{"drawMode":0,"name":"Shaded","section":"Shading Mode"},"sceneLighting":true,"audioPlay":false,"sceneViewState":{"showFog":true,"showMaterialUpdate":false,"showSkybox":true,"showFlares":true,"showImageEffects":true,"showParticleSystems":true},"in2DMode":false,"pivot":{"x":1.10882568359375,"y":2.6800537109375,"z":75.3427734375},"rotation":{"x":0.2164067178964615,"y":-0.2814595401287079,"z":0.06525130569934845,"w":0.9325722455978394},"size":3.598519802093506,"orthographic":true}