{"cameraMode":{"drawMode":0,"name":"Shaded","section":"Shading Mode"},"sceneLighting":false,"audioPlay":false,"sceneViewState":{"showFog":true,"showMaterialUpdate":false,"showSkybox":false,"showFlares":true,"showImageEffects":true,"showParticleSystems":true},"in2DMode":false,"pivot":{"x":-0.8048942685127258,"y":0.5,"z":3.5689640045166017},"rotation":{"x":0.1725129932165146,"y":-0.08263439685106278,"z":0.014525271952152253,"w":0.9814274907112122},"size":13.305611610412598,"orthographic":false}