{"cameraMode":{"drawMode":0,"name":"Shaded","section":"Shading Mode"},"sceneLighting":false,"audioPlay":false,"sceneViewState":{"showFog":true,"showMaterialUpdate":false,"showSkybox":false,"showFlares":true,"showImageEffects":true,"showParticleSystems":true},"in2DMode":false,"pivot":{"x":-0.3842134475708008,"y":1.3605842590332032,"z":4.928672790527344},"rotation":{"x":0.10478591173887253,"y":0.019989680498838426,"z":-0.002106600208207965,"w":0.9942917227745056},"size":2.4211175441741945,"orthographic":true}