{"cameraMode":{"drawMode":0,"name":"Shaded","section":"Shading Mode"},"sceneLighting":false,"audioPlay":false,"sceneViewState":{"showFog":true,"showMaterialUpdate":true,"showSkybox":false,"showFlares":true,"showImageEffects":true,"showParticleSystems":true},"in2DMode":false,"pivot":{"x":-0.3470224142074585,"y":15.576678276062012,"z":-12.116426467895508},"rotation":{"x":0.11223054677248001,"y":-0.02384600229561329,"z":-0.0026940510142594578,"w":-0.9933924078941345},"size":13.095612525939942,"orthographic":false}