{"cameraMode":{"drawMode":0,"name":"Shaded","section":"Shading Mode"},"sceneLighting":true,"audioPlay":false,"sceneViewState":{"showFog":true,"showMaterialUpdate":true,"showSkybox":true,"showFlares":true,"showImageEffects":true,"showParticleSystems":true},"in2DMode":false,"pivot":{"x":149.52000427246095,"y":86.10549926757813,"z":5.319999694824219},"rotation":{"x":0.05247566103935242,"y":-0.0029958041850477459,"z":0.00015743273252155632,"w":0.9986177682876587},"size":268.6005554199219,"orthographic":true}