{"cameraMode":{"drawMode":0,"name":"Shaded","section":"Shading Mode"},"sceneLighting":true,"audioPlay":false,"sceneViewState":{"showFog":true,"showMaterialUpdate":true,"showSkybox":true,"showFlares":true,"showImageEffects":true,"showParticleSystems":true},"in2DMode":false,"pivot":{"x":97.5934066772461,"y":57.889129638671878,"z":-521.2214965820313},"rotation":{"x":0.12713658809661866,"y":0.3531663119792938,"z":-0.048508837819099429,"w":0.9256115555763245},"size":5.8787360191345219,"orthographic":true}