{"cameraMode":{"drawMode":0,"name":"Shaded","section":"Shading Mode"},"sceneLighting":false,"audioPlay":false,"sceneViewState":{"showFog":true,"showMaterialUpdate":true,"showSkybox":false,"showFlares":true,"showImageEffects":true,"showParticleSystems":true},"in2DMode":false,"pivot":{"x":17.122753143310548,"y":17.215822219848634,"z":-26.61578369140625},"rotation":{"x":0.11223054677248001,"y":-0.02384600229561329,"z":-0.0026940510142594578,"w":-0.9933924078941345},"size":6.937221050262451,"orthographic":false}