{"cameraMode":{"drawMode":0,"name":"Shaded","section":"Shading Mode"},"sceneLighting":false,"audioPlay":false,"sceneViewState":{"showFog":true,"showMaterialUpdate":true,"showSkybox":false,"showFlares":true,"showImageEffects":true,"showParticleSystems":true},"in2DMode":false,"pivot":{"x":97.3251953125,"y":56.9173698425293,"z":-519.2672729492188},"rotation":{"x":0.12713658809661866,"y":0.3531663119792938,"z":-0.048508837819099429,"w":0.9256115555763245},"size":19.087156295776368,"orthographic":true}