{"cameraMode":{"drawMode":0,"name":"Shaded","section":"Shading Mode"},"sceneLighting":true,"audioPlay":false,"sceneViewState":{"showFog":true,"showMaterialUpdate":true,"showSkybox":true,"showFlares":true,"showImageEffects":true,"showParticleSystems":true},"in2DMode":false,"pivot":{"x":-1.0246663093566895,"y":0.3575294017791748,"z":3.7696759700775148},"rotation":{"x":0.47070327401161196,"y":-0.20166127383708955,"z":0.111454077064991,"w":0.8516743779182434},"size":7.379176139831543,"orthographic":false}