{"cameraMode":{"drawMode":0,"name":"Shaded","section":"Shading Mode"},"sceneLighting":false,"audioPlay":false,"sceneViewState":{"showFog":true,"showMaterialUpdate":true,"showSkybox":false,"showFlares":true,"showImageEffects":true,"showParticleSystems":true},"in2DMode":false,"pivot":{"x":0.3384549617767334,"y":0.06646919250488281,"z":2.193661689758301},"rotation":{"x":0.11223054677248001,"y":-0.02384600229561329,"z":-0.0026940510142594578,"w":-0.9933924078941345},"size":6.815672874450684,"orthographic":false}